,article,name,code
0,VR-419,Видеорегистратор Incar VR-419,479677523
1,00-00005332,Видеорегистратор LEXAND LR150,301762548
2,F7U094VFWHT-APL,Беспроводное зар./устр. Belkin F7U094vfWHT-APL белый,479571122
3,NAK-NSE-1318R,Автоакустика Nakamichi NSE-1318R / 13 см / 160Вт,388464863
4,650301915,Зарядное устройство BCI-15RD,211550555
5,YNDX-00251,Яндекс Модуль - Смарт.ТВ с Алисой (YNDX-00251),Not Found
6,9H.JNG77.13E,"Проектор BenQ MH560, белый",254463312
7,VS17687,"Проектор ViewSonic PG701WU, белый",306651161
8,HS214,Саундбар Hisense HS214 2.1 54Вт+54Вт черный,415365458
9,CR8005F-TL4,Проигрыватель винила Crosley Cruiser Plus частично автоматический бирюзовый,479569965
10,3106,"Тетради в клетку комплект ПОЛИНОМ серия Scandy Summer Pattern 48 листов, 4 штуки, 4 дизайна",230671971
11,1308,"Подвесной светильник Лампландия SUSELLO, E27, 40 Вт",253187956
12,270AAHC/CPBXL-2CR8,Зарядное устройство для аккумуляторов GP 270AAHC/CPBXL-2CR8,266465124
13,AD-53/55,Адаптер питания B.Well AD-53/55,307977476
14,HBL0D161,Not Found,Not Found
15,HBL0D161,Not Found,Not Found
16,81673437,"Картридж для бритв Braun Clean&Renew для станций CCR 8 с чистящей жидкостью, 8 шт",147945547
17,ALARM-R15P/BLACK,"Настенные часы Бюрократ, 15 см",382785497
